doi,refs,links,density,RED
10.1007/s11192-022-04499-z,21,24,0.114286,0.5147
10.1145/3065386,26,36,0.110769,0.5197
10.1016/j.cell.2007.11.019,30,91,0.209195,0.4064
